a/Ammar:Khaled,,
b/Baruah:Gaurav,,
b/Bislimovska:Bojana,,
c/Chan:Edward_P=_F=,,
c/Chu:Xu,,
c/Clarke:Charles_L=_A=,,
c/Cormack:Gordon_V=,,
c/Crane:Matt,,
d/Daudjee:Khuzaima,,
e/El=Roby:Ahmed,,
f/Farid:Mina_H=,,
g/Gebaly:Kareem_El,,
g/Ghenai:Amira,,
g/Ghodsnia:Pedram,,
g/Golab:Lukasz,,
g/Grossman:Maura_R=,,
i/Ilyas:Ihab_F=,,
j/Jin:Shichao,,
k/Kankanamge:Chathura,,
k/Karyakin:Alexey,,
k/Kassaie:Besat,,
k/Kim:Jaemyung,,
k/Korkmaz:Mustafa,,
l/Lin:Jimmy,,
m/Meng:Xiao,,
m/Mhedhbi:Amine,,
m/Mior:Michael_J=,2013,
m/Mohammed:Salman,,
p/Pacaci:Anil,,
s/Sabri:Mohamed_M=,,
s/Sahu:Siddhartha,,
s/Salem:Kenneth,,
s/Salihoglu:Semih,,
s/Sarrafzadeh:Bahareh,,
s/Saxena:Hemant,,
s/Sequiera:Royal,,
s/Smucker:Mark_D=,,
t/Tan:Luchen,,
t/Toman:David,,
t/Tompa:Frank_Wm=,,
v/Vtyurina:Alexandra,,
w/Weddell:Grant_E=,,
z/Zhang:Haotian,,
